{"efmMTlCjO4JbnTLI1hwCRA==":"mobirise-biologo-11-2000x1687-min.png","nfKk5OTzkFjNz9gBFLYqkg==":"mobirise-biologo-6-2000x1687-min.png","CzAFGOlu/DHvk6U2GvqScA==":"mobirise-biologo-9-2000x1687-min.png","7EfwwQ4N8U+MM6KT0UA0Zg==":"mobirise-biologo-7-2000x1687-min.png","XZ8brwTKZ4IzLX56PCNAWg==":"mobirise-biologo-5-2000x1687-min.png","6wOo2k4V/ZmPzcXQRO/6Sw==":"mobirise-biologo-11-2000x1687-min-1.png","L/No0QR+k9Isu57Vbp0YxA==":"mobirise-biologo-10-2000x1687-min-1.png","XeHxML8MoEmxtucz+8ssEg==":"mobirise-biologo-2000x1687-min-1.png","SJVT1/UvMZpjmGeHXQPPLg==":"comedypalace-486x301.jpg","wAFGZo+etay2+3Safza0ww==":"clubpic4-2000x2667.jpg","mEzqqtjr1RCnBL9Ai0WdXA==":"ontario-2000x1333.jpg","11BQtB8w3TwruU4l0z3iGw==":"clubpic1-960x540.jpg","vx4yekRg8wFMMWrjYZflLA==":"march28-ontario-599x601.jpg","gGoOZFOObeslTP74n8cocw==":"mobirise-biologo-4-2000x1687.png","Ka0ZuKG5yHJdRTq8xvH6RQ==":"mobirise-biologo-17-2000x1687.png","s9XIHOj2muIRi+VH+v5JYw==":"mobirise-biologo-18-2000x1687.png","kEKGNCWxXwiDHbnYl6dwQQ==":"mobirise-biologo-19-2000x1687.png","+aLoi1FkimAxKUx4siLu5g==":"mobirise-biologo-20-2000x1687.png","fpJoANOCkU86Dw/4wzDUEg==":"green%20bold%20promo%20instagram%20story-1080x1920.jpg","aqSJ9ze8HXNaSagIMAjzAg==":"green%20bold%20promo%20instagram%20story-1080x1920.jpeg","9slZahixGh5wo69tudZ4PQ==":"green%20bold%20promo%20instagram%20story%20(1)-1080x1920.jpg","MdmYY68RDUM3QlV3qEMz2g==":"background6.jpg","wJX5t4/212V0RTtOmRBMQQ==":"hatimesquare-180x120.png","F7SFvmwhc9sTY516K2HrLg==":"broadwaycomedyclub-318x159.jpg","HnjPwEL7BITeMZFdOo/HKQ==":"4-1920x1080.jpg","U/Rcil9jQb/UtFUC0tEFCA==":"flappers-560x240.jpg","QKwcoTv4MrwEVTchOU1itQ==":"laughfactory-508x424.png","X2nsB7w0t4wkKLOSSUNtqg==":"improv-matt-taylor-4-640x427.jpg","icIzc8QWSwnNvMDPDf3p4A==":"green%20bold%20promo%20instagram%20story-1080x1920.png","TN2PYf612+j3hloFcsbFTw==":"clubpic3-2000x2667.jpg","ehOk7KPbByNDe0r9es4YFg==":"matt%20taylor%20-%20hollywood%20improv-538x336.jpg","iB9LO2XqzZWhJKk1rs+zFg==":"923322_10200386228390816_798812777_n%20(1)-640x960.jpg","KJlGT9n56rhKzGqR5IzeRg==":"mattontario-2000x1333.jpg","x0MixLLyICvObDKINBhHMQ==":"923322-10200386228390816-798812777-n-1-640x960-640x960.jpg","gZvlr5AMNiAI15dP3S3h8Q==":"clubpic2-2000x1333.jpg","BihTCWpI+xTI8RHyoEi+AA==":"mattontario-2000x1333-800x533.jpg","7S3p7rY0ahlYOxb7CHAMDA==":"mobirise-biologo-8-2000x1687.png","vKqKb56uxPAQprxCsPmrXA==":"blurb1-492x96.png","t6VZ6rU8TvxLiO7HowHVeA==":"blurb2-683x173.png","SIXGtHHQNW5ptqrtOP77DQ==":"blurb3-462x96.png","MhbhU6nOpYlcSdAOzUANKw==":"blurb4-481x124.png","7Cdd2jm4z3pA6JU2jO0yJg==":"blurb5-743x136.png","VPv3s/z8CHvKhPKpkARC1g==":"blurb6-247x73.png","6h4QworsZVM1uIFQPQc77Q==":"blurb7-758x149.png","1NI5x230OgAM24SNZbC4ow==":"blurb8-416x120.png","JsN1dzv9roApyPydAHfn1g==":"instastory1-385x609.png","s08ZTdKL2tJ0HfIO1TT6dA==":"thumbsup1-1-2000x1333.jpg","Olt8S0y8tfsWTGEGJEAmOw==":"brea-blurb-701x959.jpg","D4W0cZxMd2jAXS57sNpDNQ==":"brea2-1-2000x1333.jpg","BPDzlwIMohcly1RopJkv8w==":"thumbsup2-2000x1333.jpg","AkvotyPDNyo8CUgZhJKhbg==":"blurb4-481x124-481x124.png","q7VcYhf5j3oUrWA4FWDpCw==":"blurb7-758x149-758x149.png","+/zFKBfoYPimUaohQhCpRQ==":"blurb2-683x173-683x173.png","lT2BWZb0QGwIYe5le1Hitw==":"iocomedynobackground-1710x1448.png","oPGc4Gzvr/o5aIhmLC5Z6A==":"blurb7-1-758x149.png","r/KKMb5+CMnFS06RXACmzA==":"blurb2-1-683x173.png","JO1mLfhd7qbzkD2Bn4UqLQ==":"taylor-matt-676x451.jpg","lV4pmZtn9BI+EG3PfNBJcA==":"923322-10200386228390816-798812777-n-1-640x960-640x960-640x960.jpg","itjnkk5Lb5ytkjFtZI1v7Q==":"mobirise-matt-shakeytownmarky-676x901.jpeg","IQENgzL/ldQT0GjtGhBBag==":"clubpic1-960x540.jpeg","plkXCzDTAXhnirocR30XPw==":"matt%20taylor%20-%20hollywood%20improv-538x336.jpeg","ICt3R2DwcUylPAaXe59mxg==":"img_20180630_085547-901-480x480.jpg","bgG0qH0VsB3IraqoEPM9AA==":"img_20180630_085547-901-480x480.jpeg","SvEBRX89wt4cH2XRUjVAYg==":"img_20180630_085547-902-480x480.jpeg","8Wydp2q2eIpkYelq3M1COQ==":"march28-ontario-599x601.jpeg","gQabBTB8nXkPYkM9tlXl4Q==":"irvine-improv-960x720.jpg","/1bIcueJTP4jkVKptJuAkw==":"brea2-1-2000x1333-800x533.jpg","A72sCa5DwTYcYQ5Sjc285g==":"levitylive2-2000x1333.jpg","c14FyycL4lAWa6D5Brwfpg==":"photoswaudience-2000x1333.jpg","IAXVdEReXn/3NKv7Xb8AbA==":"_l5a8310-2000x1125.jpg","SATkfdaRh+QRA524uvMZ9A==":"-l5a8310-2000x1125-800x450.jpg","aFNsskUN/dLQXRyHgBeILA==":"img_20180630_085547-903-480x480.jpeg","VQ9e59AINtQXgMSIBETfnQ==":"matt-480x480.jpeg","wYRKBvwbKER7Uom5Jje1Eg==":"march28-ontario-599x601.jpeg","eEtcdhre1qibNMhB2Rmr7w==":"irvine-improv-960x720.jpeg","h3iA+LNXJk7s93nMOqeQ/g==":"brea2-1-2000x1333.jpeg","9jSI23GPEwe6DYQcHXYBMQ==":"flappers3-1600x727.jpg","k55GtUCBlTde1pHtNvXjyQ==":"flappers3-1600x727.jpeg","5JoTEQiRXWaruuWJ6FJMmA==":"flappers3-1-1600x727.jpeg","7jp9ToUWaWI7cEAfnIUjfw==":"clubpic1-960x540-800x450.jpg","UVOeZ8CwGWcuKLtvxypb8A==":"clubpic1-800x450.jpeg","tK0QZd3DdH85akMjryh9/Q==":"clubpic1-1-800x450.jpeg","gfDpqLpvXdcoemrWR9DTqg==":"clubpic1-960x540.jpeg","jtN6ztZJMo0oPLd28B/OPg==":"flappers3-2-1600x727.jpeg","dgfwoK8hJ/ZR6Syv8gFCGA==":"blurb7-2-758x149.png","OwIx1EMTHpQ3IBUnpUqlxA==":"blurb5-1-743x136.png","8+QpzPHB6zTY4CYyB++Omg==":"blurb2-2-683x173.png","iK+fXd6x/WGrEyM5fz4wUA==":"blurb8-1-416x120.png","K5KTHpCH08M6LVckMJidBg==":"blurb2-3-683x173.png","+SWT3NJhzD4PTMaOyrCcvg==":"blurb7-3-758x149.png","B9tDhPGeTFgvbuS+ALpP0A==":"march28-ontario-1-599x601.jpg","7vaE4g2wWHh2nhJ95d6bAQ==":"matt-1-480x480.jpg","MAT6YBIEmD835C5cGgdCgg==":"matt-1-480x480.jpeg","AfHm8At5wcYE0kALmzLFGA==":"mattontario-2000x1333-800x533-800x533.jpg","Hvpn1HrzeSXyksmTOUB21g==":"mobirise-biologo-128x108.png","2/Z/B94qUni/0LUt97Xq8Q==":"iocomedynobackground-228x193.png","UAc7kepzJPkrSn4uqTRvmw==":"background4.jpg","2XtNE4lmErHZ3KjD+aXU4w==":"2l5a2465-2000x1333.jpg","CyIDcmi9pmX3a5haiqmhQQ==":"matt-taylor-hollywood-improv-538x336-538x336.jpg","5bn5/4SOJl3m49CwxUoGyQ==":"thumbsup2-2000x1333-800x533.jpg","vtADRj0WF4dLea9iq0WGWw==":"purple%20and%20orange%20finance%20pitch%20deck%20presentation-1920x1080.png","VMJS61zxZfwrB3mOTiFLcA==":"mattontario-2000x1333-800x533.jpg","Iita4VGdEPkWSQUc/wmYvA==":"laughclassbanner-2000x1065.png","Pj4FDdFTbleA2F7/Vp+/VQ==":"laughclassbanner-1014x540.png","ahORHmTDoxmQR611Rh53Qw==":"mattontario-2000x1333-800x533-800x533.jpg","PVrTupbLmCGiVI8U7xlycg==":"laughfactory-508x424.png","j0/7yfjFA4l7Q7FAEWj8IQ==":"7-1920x1080.jpg","RfGHZuU8DEFR35JURtWuTA==":"carolines-1254x328.png","OuBm/zDioH8GsZvPPXL1TA==":"hollywoodimprov-250x250.png","Ej6Fbv5V2EsXasmaLcWkyw==":"greenwhichvillagecomedyclub-320x125.jpg","TXHunBZxnrE4iKBq8WmdXg==":"comedypalace-486x301.jpg","bBKKaPK6PyXSGxsWo8kvaA==":"broadwaycomedyclub-318x159.jpg","/5zbqhuqMZP5anf7dvltBw==":"punchlinesf-250x192.jpg","r0X04ElZgScYNV0Hy5Dl7Q==":"madhouse-square-400x400.jpg","xjgsWLOrm24ZlVoQipTkcQ==":"improv-1500x750.jpg","HxnNuwbegwQMN1acoKQMyw==":"comedystore-logo-96x96.jpg","Nr9AqE+lCJL3IzDUxs3vxQ==":"parlorlivelogo-500x463.jpg","5P31UzrNhsD9Ya8Ndc4JdA==":"levitylive-575x218.jpg","QrwGPgy+5QRfAcOZbAl7kA==":"mbr-928x522.jpg","ChZKkN5X9SV7ReoJNEQ8LQ==":"6-500x500.png"}